split,wav_path,duration
test,400,1554.1279999999992
train,78456,328609.0529999944
val,100,398.67799999999994
