split,wav_path,duration
test,400,1599.3030000000003
train,87611,363120.12099999975
val,100,406.0959999999999
