split,wav_path,duration,duration_hms
test,400,1554.1279999999992,"(0, 25, 54)"
train,78456,328609.0529999944,"(91, 16, 49)"
val,100,398.67799999999994,"(0, 6, 39)"
