split,speaker,emotion,wav_path,duration
test,bc2013-w,neutral,400,1554.1279999999992
train,bc2013-w,neutral,78456,328609.0529999944
val,bc2013-w,neutral,100,398.67799999999994
