split,wav_path,duration,duration_hms
test,1377,5161.621269841274,"(1, 26, 2)"
train,4405,16690.787800453505,"(4, 38, 11)"
val,1102,4155.468616780048,"(1, 9, 15)"
