split,wav_path,duration
test,1377,5161.621269841274
train,4405,16690.787800453505
val,1102,4155.468616780048
