split,wav_path,duration
test,420,2621.6359999999972
train,20160,128786.59399999991
val,420,2677.358000000002
