split,wav_path,duration
test,140,844.6850000000004
train,42802,241427.69899999557
val,140,773.32
