split,wav_path,duration,duration_hms
test,128,486.2000000000002,"(0, 8, 6)"
train,12598,45332.60000000004,"(12, 35, 33)"
val,128,474.0000000000003,"(0, 7, 54)"
